rank,ticker,name,category,expiry,strike,dte,strike_zone,bid,ask,mid,spread_pct,iv,open_interest,volume,delta,delta_estimated,moneyness,final_score,confidence,confidence_label,thesis,thirteen_f,market,options,catalyst,risk_penalty,is_event_trade,reasons_against,data_flags,paper_recommendation
1,NVDA,NVIDIA Corp,semiconductors,2026-09-22,206.2,90,near_the_money,31.78,34.07,32.925,0.0696,0.7892,4297,1501,0.5877,False,0.9998,8.08,1.0,high,8.62,8.86,6.5,10.0,6.0,0.0,True,,source:fixture,PAPER ONLY — never auto-traded. Event/IV trade — paper-test around earnings; expect IV crush risk.
2,NVDA,NVIDIA Corp,semiconductors,2026-09-22,216.6,90,slightly_otm,25.85,27.51,26.68,0.0622,0.739,8966,1508,0.5307,True,1.0502,8.08,1.0,high,8.62,8.86,6.5,10.0,6.0,0.0,True,,source:fixture,PAPER ONLY — never auto-traded. Event/IV trade — paper-test around earnings; expect IV crush risk.
3,NVDA,NVIDIA Corp,semiconductors,2026-09-22,226.9,90,slightly_otm,19.45,19.93,19.69,0.0244,0.6579,2520,742,0.4607,True,1.1001,8.08,1.0,high,8.62,8.86,6.5,10.0,6.0,0.0,True,,source:fixture,PAPER ONLY — never auto-traded. Event/IV trade — paper-test around earnings; expect IV crush risk.
4,NVDA,NVIDIA Corp,semiconductors,2026-09-22,247.5,90,longer_dated_otm,14.4,15.26,14.83,0.058,0.6844,1192,654,0.3679,True,1.2,8.08,1.0,high,8.62,8.86,6.5,10.0,6.0,0.0,True,,source:fixture,PAPER ONLY — never auto-traded. Event/IV trade — paper-test around earnings; expect IV crush risk.
5,NVDA,NVIDIA Corp,semiconductors,2026-11-06,206.2,135,near_the_money,39.53,40.74,40.135,0.0301,0.7841,7101,1653,0.6064,True,0.9998,8.08,1.0,high,8.62,8.86,6.5,10.0,6.0,0.0,True,,source:fixture,PAPER ONLY — never auto-traded. Event/IV trade — paper-test around earnings; expect IV crush risk.
6,NVDA,NVIDIA Corp,semiconductors,2026-11-06,226.9,135,slightly_otm,29.24,31.38,30.31,0.0706,0.7421,5680,1711,0.5187,True,1.1001,8.08,1.0,high,8.62,8.86,6.5,10.0,6.0,0.0,True,,source:fixture,PAPER ONLY — never auto-traded. Event/IV trade — paper-test around earnings; expect IV crush risk.
7,NVDA,NVIDIA Corp,semiconductors,2026-11-06,247.5,135,longer_dated_otm,24.52,25.49,25.005,0.0388,0.7613,2320,102,0.4482,True,1.2,8.08,1.0,high,8.62,8.86,6.5,10.0,6.0,0.0,True,,source:fixture,PAPER ONLY — never auto-traded. Event/IV trade — paper-test around earnings; expect IV crush risk.
8,NVDA,NVIDIA Corp,semiconductors,2026-12-21,206.2,180,near_the_money,39.94,43.05,41.495,0.0749,0.696,7178,1086,0.6123,True,0.9998,8.08,1.0,high,8.62,8.86,6.5,10.0,6.0,0.0,True,,source:fixture,PAPER ONLY — never auto-traded. Event/IV trade — paper-test around earnings; expect IV crush risk.
9,NVDA,NVIDIA Corp,semiconductors,2026-12-21,226.9,180,slightly_otm,32.6,34.07,33.335,0.0441,0.6886,5946,2233,0.534,True,1.1001,8.08,1.0,high,8.62,8.86,6.5,10.0,6.0,0.0,True,,source:fixture,PAPER ONLY — never auto-traded. Event/IV trade — paper-test around earnings; expect IV crush risk.
10,NVDA,NVIDIA Corp,semiconductors,2026-12-21,247.5,180,longer_dated_otm,26.33,27.01,26.67,0.0255,0.6825,9086,1175,0.4603,True,1.2,8.08,1.0,high,8.62,8.86,6.5,10.0,6.0,0.0,True,,source:fixture,PAPER ONLY — never auto-traded. Event/IV trade — paper-test around earnings; expect IV crush risk.
11,NVDA,NVIDIA Corp,semiconductors,2026-08-08,216.6,45,slightly_otm,16.73,17.91,17.32,0.0681,0.7349,8443,51,0.4834,True,1.0502,7.99,1.0,high,8.62,8.86,6.5,9.5,6.0,0.0,True,45 DTE outside preferred 60-180,source:fixture,PAPER ONLY — never auto-traded. Event/IV trade — paper-test around earnings; expect IV crush risk.
12,NVDA,NVIDIA Corp,semiconductors,2026-08-08,226.9,45,slightly_otm,13.64,14.73,14.185,0.0768,0.7503,3599,414,0.4161,True,1.1001,7.99,1.0,high,8.62,8.86,6.5,9.5,6.0,0.0,True,45 DTE outside preferred 60-180,source:fixture,PAPER ONLY — never auto-traded. Event/IV trade — paper-test around earnings; expect IV crush risk.
13,NVDA,NVIDIA Corp,semiconductors,2026-11-06,216.6,135,slightly_otm,33.23,35.98,34.605,0.0795,0.7547,1979,1003,0.5616,True,1.0502,7.99,1.0,high,8.62,8.86,6.5,9.5,6.0,0.0,True,,source:fixture,PAPER ONLY — never auto-traded. Event/IV trade — paper-test around earnings; expect IV crush risk.
14,NVDA,NVIDIA Corp,semiconductors,2026-12-21,216.6,180,slightly_otm,37.54,39.61,38.575,0.0537,0.7164,2995,664,0.5767,True,1.0502,7.99,1.0,high,8.62,8.86,6.5,9.5,6.0,0.0,True,,source:fixture,PAPER ONLY — never auto-traded. Event/IV trade — paper-test around earnings; expect IV crush risk.
15,NVDA,NVIDIA Corp,semiconductors,2026-08-08,206.2,45,near_the_money,19.74,20.41,20.075,0.0334,0.6796,7120,1482,0.5561,True,0.9998,7.81,1.0,high,8.62,8.86,6.5,8.5,6.0,0.0,True,45 DTE outside preferred 60-180,source:fixture,PAPER ONLY — never auto-traded. Event/IV trade — paper-test around earnings; expect IV crush risk.
16,NVDA,NVIDIA Corp,semiconductors,2026-08-08,247.5,45,longer_dated_otm,7.3,7.84,7.57,0.0713,0.6991,1120,247,0.2743,True,1.2,7.72,1.0,high,8.62,8.86,6.5,8.0,6.0,0.0,True,45 DTE outside preferred 60-180 | aggressive OTM strike on short tenor,source:fixture,PAPER ONLY — never auto-traded. Event/IV trade — paper-test around earnings; expect IV crush risk.
17,AVGO,Broadcom Inc,semiconductors,2026-09-22,199.0,90,near_the_money,23.72,25.44,24.58,0.07,0.6031,8844,1344,0.5727,False,0.9998,7.43,1.0,high,8.07,3.08,9.0,10.0,6.0,0.0,True,RSI 88 overbought,source:fixture,PAPER ONLY — never auto-traded. Event/IV trade — paper-test around earnings; expect IV crush risk.
18,AVGO,Broadcom Inc,semiconductors,2026-09-22,209.0,90,slightly_otm,18.74,19.47,19.105,0.0382,0.57,1654,325,0.5015,True,1.05,7.43,1.0,high,8.07,3.08,9.0,10.0,6.0,0.0,True,RSI 88 overbought,source:fixture,PAPER ONLY — never auto-traded. Event/IV trade — paper-test around earnings; expect IV crush risk.
19,AVGO,Broadcom Inc,semiconductors,2026-09-22,218.9,90,slightly_otm,16.32,17.57,16.945,0.0738,0.6048,7226,1940,0.4468,True,1.0998,7.43,1.0,high,8.07,3.08,9.0,10.0,6.0,0.0,True,RSI 88 overbought,source:fixture,PAPER ONLY — never auto-traded. Event/IV trade — paper-test around earnings; expect IV crush risk.
20,AVGO,Broadcom Inc,semiconductors,2026-09-22,238.8,90,longer_dated_otm,8.44,9.02,8.73,0.0664,0.529,2264,236,0.3,True,1.1998,7.43,1.0,high,8.07,3.08,9.0,10.0,6.0,0.0,True,RSI 88 overbought,source:fixture,PAPER ONLY — never auto-traded. Event/IV trade — paper-test around earnings; expect IV crush risk.
21,AVGO,Broadcom Inc,semiconductors,2026-11-06,199.0,135,near_the_money,29.45,31.54,30.495,0.0685,0.6082,8473,2380,0.5892,True,0.9998,7.43,1.0,high,8.07,3.08,9.0,10.0,6.0,0.0,True,RSI 88 overbought,source:fixture,PAPER ONLY — never auto-traded. Event/IV trade — paper-test around earnings; expect IV crush risk.
22,AVGO,Broadcom Inc,semiconductors,2026-11-06,209.0,135,slightly_otm,25.61,26.66,26.135,0.0402,0.6029,537,1734,0.5361,True,1.05,7.43,1.0,high,8.07,3.08,9.0,10.0,6.0,0.0,True,RSI 88 overbought,source:fixture,PAPER ONLY — never auto-traded. Event/IV trade — paper-test around earnings; expect IV crush risk.
23,AVGO,Broadcom Inc,semiconductors,2026-11-06,218.9,135,slightly_otm,22.03,23.6,22.815,0.0688,0.6083,7279,1948,0.4872,True,1.0998,7.43,1.0,high,8.07,3.08,9.0,10.0,6.0,0.0,True,RSI 88 overbought,source:fixture,PAPER ONLY — never auto-traded. Event/IV trade — paper-test around earnings; expect IV crush risk.
24,AVGO,Broadcom Inc,semiconductors,2026-11-06,238.8,135,longer_dated_otm,13.05,14.03,13.54,0.0724,0.5353,6554,247,0.3627,True,1.1998,7.43,1.0,high,8.07,3.08,9.0,10.0,6.0,0.0,True,RSI 88 overbought,source:fixture,PAPER ONLY — never auto-traded. Event/IV trade — paper-test around earnings; expect IV crush risk.
25,AVGO,Broadcom Inc,semiconductors,2026-12-21,199.0,180,near_the_money,31.28,31.95,31.615,0.0212,0.5395,7821,579,0.5956,True,0.9998,7.43,1.0,high,8.07,3.08,9.0,10.0,6.0,0.0,True,RSI 88 overbought,source:fixture,PAPER ONLY — never auto-traded. Event/IV trade — paper-test around earnings; expect IV crush risk.
26,AVGO,Broadcom Inc,semiconductors,2026-12-21,209.0,180,slightly_otm,25.77,27.86,26.815,0.0779,0.5272,3287,2030,0.5424,True,1.05,7.43,1.0,high,8.07,3.08,9.0,10.0,6.0,0.0,True,RSI 88 overbought,source:fixture,PAPER ONLY — never auto-traded. Event/IV trade — paper-test around earnings; expect IV crush risk.
27,AVGO,Broadcom Inc,semiconductors,2026-12-21,218.9,180,slightly_otm,22.79,24.66,23.725,0.0788,0.5366,5880,917,0.4954,True,1.0998,7.43,1.0,high,8.07,3.08,9.0,10.0,6.0,0.0,True,RSI 88 overbought,source:fixture,PAPER ONLY — never auto-traded. Event/IV trade — paper-test around earnings; expect IV crush risk.
28,AVGO,Broadcom Inc,semiconductors,2026-12-21,238.8,180,longer_dated_otm,18.52,20.03,19.275,0.0783,0.5649,7765,262,0.4164,True,1.1998,7.43,1.0,high,8.07,3.08,9.0,10.0,6.0,0.0,True,RSI 88 overbought,source:fixture,PAPER ONLY — never auto-traded. Event/IV trade — paper-test around earnings; expect IV crush risk.
29,AVGO,Broadcom Inc,semiconductors,2026-08-08,209.0,45,slightly_otm,10.78,11.57,11.175,0.0707,0.535,4739,2124,0.4444,True,1.05,7.34,1.0,high,8.07,3.08,9.0,9.5,6.0,0.0,True,RSI 88 overbought | 45 DTE outside preferred 60-180,source:fixture,PAPER ONLY — never auto-traded. Event/IV trade — paper-test around earnings; expect IV crush risk.
30,AVGO,Broadcom Inc,semiconductors,2026-08-08,218.9,45,slightly_otm,7.4,7.55,7.475,0.0201,0.5161,3985,644,0.342,True,1.0998,7.34,1.0,high,8.07,3.08,9.0,9.5,6.0,0.0,True,RSI 88 overbought | 45 DTE outside preferred 60-180,source:fixture,PAPER ONLY — never auto-traded. Event/IV trade — paper-test around earnings; expect IV crush risk.
31,ASML,ASML Holding,semiconductor_equipment,2026-09-22,287.0,90,near_the_money,49.2,52.84,51.02,0.0713,0.8836,5969,1746,0.5956,False,1.0,7.32,0.8,high,8.39,0.0,9.0,10.0,2.0,0.5,False,RSI 88 overbought | no identified near-term catalyst,source:fixture,PAPER ONLY — never auto-traded. Candidate for a small paper position; verify live quotes & spread first.
32,ASML,ASML Holding,semiconductor_equipment,2026-09-22,301.4,90,slightly_otm,43.15,44.96,44.055,0.0411,0.8613,3849,45,0.5488,True,1.0501,7.32,0.8,high,8.39,0.0,9.0,10.0,2.0,0.5,False,RSI 88 overbought | no identified near-term catalyst,source:fixture,PAPER ONLY — never auto-traded. Candidate for a small paper position; verify live quotes & spread first.
33,ASML,ASML Holding,semiconductor_equipment,2026-09-22,315.7,90,slightly_otm,37.97,39.73,38.85,0.0453,0.8593,7910,2198,0.5053,True,1.1,7.32,0.8,high,8.39,0.0,9.0,10.0,2.0,0.5,False,RSI 88 overbought | no identified near-term catalyst,source:fixture,PAPER ONLY — never auto-traded. Candidate for a small paper position; verify live quotes & spread first.
34,ASML,ASML Holding,semiconductor_equipment,2026-09-22,344.4,90,longer_dated_otm,29.69,30.69,30.19,0.0331,0.8584,4741,1285,0.4241,True,1.2,7.32,0.8,high,8.39,0.0,9.0,10.0,2.0,0.5,False,RSI 88 overbought | no identified near-term catalyst,source:fixture,PAPER ONLY — never auto-traded. Candidate for a small paper position; verify live quotes & spread first.
35,ASML,ASML Holding,semiconductor_equipment,2026-11-06,287.0,135,near_the_money,58.63,61.51,60.07,0.0479,0.8474,4234,439,0.6127,True,1.0,7.32,0.8,high,8.39,0.0,9.0,10.0,2.0,0.5,False,RSI 88 overbought | no identified near-term catalyst,source:fixture,PAPER ONLY — never auto-traded. Candidate for a small paper position; verify live quotes & spread first.
36,ASML,ASML Holding,semiconductor_equipment,2026-11-06,315.7,135,slightly_otm,47.55,48.91,48.23,0.0282,0.829,548,1491,0.5368,True,1.1,7.32,0.8,high,8.39,0.0,9.0,10.0,2.0,0.5,False,RSI 88 overbought | no identified near-term catalyst,source:fixture,PAPER ONLY — never auto-traded. Candidate for a small paper position; verify live quotes & spread first.
37,ASML,ASML Holding,semiconductor_equipment,2026-11-06,344.4,135,longer_dated_otm,37.72,38.97,38.345,0.0326,0.8125,692,818,0.4634,True,1.2,7.32,0.8,high,8.39,0.0,9.0,10.0,2.0,0.5,False,RSI 88 overbought | no identified near-term catalyst,source:fixture,PAPER ONLY — never auto-traded. Candidate for a small paper position; verify live quotes & spread first.
38,ASML,ASML Holding,semiconductor_equipment,2026-12-21,287.0,180,near_the_money,70.44,71.95,71.195,0.0212,0.8719,2767,234,0.6325,True,1.0,7.32,0.8,high,8.39,0.0,9.0,10.0,2.0,0.5,False,RSI 88 overbought | no identified near-term catalyst,source:fixture,PAPER ONLY — never auto-traded. Candidate for a small paper position; verify live quotes & spread first.
39,ASML,ASML Holding,semiconductor_equipment,2026-12-21,344.4,180,longer_dated_otm,43.56,44.78,44.17,0.0276,0.7704,448,345,0.488,True,1.2,7.32,0.8,high,8.39,0.0,9.0,10.0,2.0,0.5,False,RSI 88 overbought | no identified near-term catalyst,source:fixture,PAPER ONLY — never auto-traded. Candidate for a small paper position; verify live quotes & spread first.
40,ASML,ASML Holding,semiconductor_equipment,2026-08-08,301.4,45,slightly_otm,25.55,26.49,26.02,0.0361,0.7825,1039,708,0.4909,True,1.0501,7.21,0.8,high,8.39,0.0,9.0,9.5,2.0,0.5,False,RSI 88 overbought | no identified near-term catalyst | 45 DTE outside preferred 60-180,source:fixture,PAPER ONLY — never auto-traded. Candidate for a small paper position; verify live quotes & spread first.
41,ASML,ASML Holding,semiconductor_equipment,2026-08-08,315.7,45,slightly_otm,20.95,21.67,21.31,0.0338,0.7897,5119,345,0.4258,True,1.1,7.21,0.8,high,8.39,0.0,9.0,9.5,2.0,0.5,False,RSI 88 overbought | no identified near-term catalyst | 45 DTE outside preferred 60-180,source:fixture,PAPER ONLY — never auto-traded. Candidate for a small paper position; verify live quotes & spread first.
42,ASML,ASML Holding,semiconductor_equipment,2026-08-08,344.4,45,longer_dated_otm,15.48,16.19,15.835,0.0448,0.8498,6050,162,0.3281,True,1.2,7.21,0.8,high,8.39,0.0,9.0,9.5,2.0,0.5,False,RSI 88 overbought | no identified near-term catalyst | 45 DTE outside preferred 60-180 | aggressive OTM strike on short tenor,source:fixture,PAPER ONLY — never auto-traded. Candidate for a small paper position; verify live quotes & spread first.
43,ASML,ASML Holding,semiconductor_equipment,2026-11-06,301.4,135,slightly_otm,47.39,49.51,48.45,0.0438,0.7589,6094,95,0.5623,True,1.0501,7.21,0.8,high,8.39,0.0,9.0,9.5,2.0,0.5,False,RSI 88 overbought | no identified near-term catalyst,source:fixture,PAPER ONLY — never auto-traded. Candidate for a small paper position; verify live quotes & spread first.
44,ASML,ASML Holding,semiconductor_equipment,2026-12-21,301.4,180,slightly_otm,60.38,64.06,62.22,0.0591,0.825,9599,860,0.5946,True,1.0501,7.21,0.8,high,8.39,0.0,9.0,9.5,2.0,0.5,False,RSI 88 overbought | no identified near-term catalyst,source:fixture,PAPER ONLY — never auto-traded. Candidate for a small paper position; verify live quotes & spread first.
45,ASML,ASML Holding,semiconductor_equipment,2026-12-21,315.7,180,slightly_otm,58.04,62.68,60.36,0.0769,0.8638,6113,1745,0.5709,True,1.1,7.21,0.8,high,8.39,0.0,9.0,9.5,2.0,0.5,False,RSI 88 overbought | no identified near-term catalyst,source:fixture,PAPER ONLY — never auto-traded. Candidate for a small paper position; verify live quotes & spread first.
46,MU,Micron Technology,memory,2026-08-08,72.3,45,near_the_money,3.94,4.27,4.105,0.0804,0.3872,5516,2226,0.5427,True,0.9996,7.17,0.8,high,7.55,0.0,9.0,10.0,4.0,0.7,True,RSI 84 overbought | 13F: smart money reduce (score -0.2) | 45 DTE outside preferred 60-180,source:fixture,PAPER ONLY — never auto-traded. Event/IV trade — paper-test around earnings; expect IV crush risk.
47,MU,Micron Technology,memory,2026-09-22,72.3,90,near_the_money,5.17,5.58,5.375,0.0763,0.3512,6588,696,0.5581,False,0.9996,7.17,0.8,high,7.55,0.0,9.0,10.0,4.0,0.7,True,RSI 84 overbought | 13F: smart money reduce (score -0.2),source:fixture,PAPER ONLY — never auto-traded. Event/IV trade — paper-test around earnings; expect IV crush risk.
48,MU,Micron Technology,memory,2026-09-22,75.9,90,slightly_otm,4.24,4.41,4.325,0.0393,0.3856,5085,1039,0.4584,True,1.0494,7.17,0.8,high,7.55,0.0,9.0,10.0,4.0,0.7,True,RSI 84 overbought | 13F: smart money reduce (score -0.2),source:fixture,PAPER ONLY — never auto-traded. Event/IV trade — paper-test around earnings; expect IV crush risk.
49,MU,Micron Technology,memory,2026-09-22,79.6,90,slightly_otm,2.56,2.69,2.625,0.0495,0.3507,8390,890,0.3423,True,1.1005,7.17,0.8,high,7.55,0.0,9.0,10.0,4.0,0.7,True,RSI 84 overbought | 13F: smart money reduce (score -0.2),source:fixture,PAPER ONLY — never auto-traded. Event/IV trade — paper-test around earnings; expect IV crush risk.
50,MU,Micron Technology,memory,2026-11-06,72.3,135,near_the_money,6.92,7.47,7.195,0.0764,0.3818,2153,1299,0.5721,True,0.9996,7.17,0.8,high,7.55,0.0,9.0,10.0,4.0,0.7,True,RSI 84 overbought | 13F: smart money reduce (score -0.2),source:fixture,PAPER ONLY — never auto-traded. Event/IV trade — paper-test around earnings; expect IV crush risk.
51,MU,Micron Technology,memory,2026-11-06,75.9,135,slightly_otm,5.03,5.44,5.235,0.0783,0.3589,6374,299,0.4825,True,1.0494,7.17,0.8,high,7.55,0.0,9.0,10.0,4.0,0.7,True,RSI 84 overbought | 13F: smart money reduce (score -0.2),source:fixture,PAPER ONLY — never auto-traded. Event/IV trade — paper-test around earnings; expect IV crush risk.
52,MU,Micron Technology,memory,2026-11-06,79.6,135,slightly_otm,4.04,4.26,4.15,0.053,0.371,2286,366,0.4028,True,1.1005,7.17,0.8,high,7.55,0.0,9.0,10.0,4.0,0.7,True,RSI 84 overbought | 13F: smart money reduce (score -0.2),source:fixture,PAPER ONLY — never auto-traded. Event/IV trade — paper-test around earnings; expect IV crush risk.
53,MU,Micron Technology,memory,2026-12-21,72.3,180,near_the_money,8.03,8.61,8.32,0.0697,0.3787,4916,662,0.5827,True,0.9996,7.17,0.8,high,7.55,0.0,9.0,10.0,4.0,0.7,True,RSI 84 overbought | 13F: smart money reduce (score -0.2),source:fixture,PAPER ONLY — never auto-traded. Event/IV trade — paper-test around earnings; expect IV crush risk.
54,MU,Micron Technology,memory,2026-12-21,75.9,180,slightly_otm,6.99,7.3,7.145,0.0434,0.3975,2420,1253,0.515,True,1.0494,7.17,0.8,high,7.55,0.0,9.0,10.0,4.0,0.7,True,RSI 84 overbought | 13F: smart money reduce (score -0.2),source:fixture,PAPER ONLY — never auto-traded. Event/IV trade — paper-test around earnings; expect IV crush risk.
55,MU,Micron Technology,memory,2026-12-21,79.6,180,slightly_otm,5.5,5.91,5.705,0.0719,0.3933,4532,1902,0.4454,True,1.1005,7.17,0.8,high,7.55,0.0,9.0,10.0,4.0,0.7,True,RSI 84 overbought | 13F: smart money reduce (score -0.2),source:fixture,PAPER ONLY — never auto-traded. Event/IV trade — paper-test around earnings; expect IV crush risk.
56,AVGO,Broadcom Inc,semiconductors,2026-08-08,199.0,45,near_the_money,15.93,16.89,16.41,0.0585,0.5725,7088,522,0.5502,True,0.9998,7.16,1.0,high,8.07,3.08,9.0,8.5,6.0,0.0,True,RSI 88 overbought | 45 DTE outside preferred 60-180,source:fixture,PAPER ONLY — never auto-traded. Event/IV trade — paper-test around earnings; expect IV crush risk.
57,AVGO,Broadcom Inc,semiconductors,2026-08-08,238.8,45,longer_dated_otm,4.75,5.07,4.91,0.0652,0.5908,5355,560,0.2265,True,1.1998,7.07,1.0,high,8.07,3.08,9.0,8.0,6.0,0.0,True,RSI 88 overbought | 45 DTE outside preferred 60-180 | aggressive OTM strike on short tenor,source:fixture,PAPER ONLY — never auto-traded. Event/IV trade — paper-test around earnings; expect IV crush risk.
58,MU,Micron Technology,memory,2026-08-08,75.9,45,slightly_otm,2.41,2.58,2.495,0.0681,0.3756,2644,119,0.3967,True,1.0494,7.06,0.8,high,7.55,0.0,9.0,9.5,4.0,0.7,True,RSI 84 overbought | 13F: smart money reduce (score -0.2) | 45 DTE outside preferred 60-180,source:fixture,PAPER ONLY — never auto-traded. Event/IV trade — paper-test around earnings; expect IV crush risk.
59,MU,Micron Technology,memory,2026-09-22,86.8,90,longer_dated_otm,1.6,1.68,1.64,0.0488,0.398,5299,1086,0.2195,True,1.2001,7.06,0.8,high,7.55,0.0,9.0,9.5,4.0,0.7,True,RSI 84 overbought | 13F: smart money reduce (score -0.2),source:fixture,PAPER ONLY — never auto-traded. Event/IV trade — paper-test around earnings; expect IV crush risk.
60,MU,Micron Technology,memory,2026-11-06,86.8,135,longer_dated_otm,2.21,2.38,2.295,0.0741,0.367,977,1964,0.2613,True,1.2001,7.06,0.8,high,7.55,0.0,9.0,9.5,4.0,0.7,True,RSI 84 overbought | 13F: smart money reduce (score -0.2),source:fixture,PAPER ONLY — never auto-traded. Event/IV trade — paper-test around earnings; expect IV crush risk.
61,MU,Micron Technology,memory,2026-12-21,86.8,180,longer_dated_otm,2.77,2.99,2.88,0.0764,0.3473,6312,837,0.2929,True,1.2001,7.06,0.8,high,7.55,0.0,9.0,9.5,4.0,0.7,True,RSI 84 overbought | 13F: smart money reduce (score -0.2),source:fixture,PAPER ONLY — never auto-traded. Event/IV trade — paper-test around earnings; expect IV crush risk.
62,MRVL,Marvell Technology,semiconductors,2026-09-22,86.4,90,near_the_money,11.77,12.68,12.225,0.0744,0.6949,8232,1488,0.5801,False,0.9997,7.05,0.8,high,7.62,0.0,9.0,10.0,2.0,0.5,False,RSI 84 overbought | no identified near-term catalyst,source:fixture,PAPER ONLY — never auto-traded. Candidate for a small paper position; verify live quotes & spread first.
63,MRVL,Marvell Technology,semiconductors,2026-09-22,90.8,90,slightly_otm,10.77,10.99,10.88,0.0202,0.7219,2723,1163,0.5276,True,1.0506,7.05,0.8,high,7.62,0.0,9.0,10.0,2.0,0.5,False,RSI 84 overbought | no identified near-term catalyst,source:fixture,PAPER ONLY — never auto-traded. Candidate for a small paper position; verify live quotes & spread first.
64,MRVL,Marvell Technology,semiconductors,2026-09-22,95.1,90,slightly_otm,8.31,8.82,8.565,0.0595,0.6765,3619,1180,0.4652,True,1.1003,7.05,0.8,high,7.62,0.0,9.0,10.0,2.0,0.5,False,RSI 84 overbought | no identified near-term catalyst,source:fixture,PAPER ONLY — never auto-traded. Candidate for a small paper position; verify live quotes & spread first.
65,MRVL,Marvell Technology,semiconductors,2026-09-22,103.7,90,longer_dated_otm,6.33,6.65,6.49,0.0493,0.7011,3405,414,0.3742,True,1.1998,7.05,0.8,high,7.62,0.0,9.0,10.0,2.0,0.5,False,RSI 84 overbought | no identified near-term catalyst,source:fixture,PAPER ONLY — never auto-traded. Candidate for a small paper position; verify live quotes & spread first.
66,MRVL,Marvell Technology,semiconductors,2026-11-06,86.4,135,near_the_money,14.75,15.81,15.28,0.0694,0.7081,5636,751,0.5989,True,0.9997,7.05,0.8,high,7.62,0.0,9.0,10.0,2.0,0.5,False,RSI 84 overbought | no identified near-term catalyst,source:fixture,PAPER ONLY — never auto-traded. Candidate for a small paper position; verify live quotes & spread first.
67,MRVL,Marvell Technology,semiconductors,2026-11-06,95.1,135,slightly_otm,10.18,10.93,10.555,0.0711,0.6401,2177,971,0.4948,True,1.1003,7.05,0.8,high,7.62,0.0,9.0,10.0,2.0,0.5,False,RSI 84 overbought | no identified near-term catalyst,source:fixture,PAPER ONLY — never auto-traded. Candidate for a small paper position; verify live quotes & spread first.
68,MRVL,Marvell Technology,semiconductors,2026-11-06,103.7,135,longer_dated_otm,7.99,8.25,8.12,0.032,0.6468,3207,1172,0.4095,True,1.1998,7.05,0.8,high,7.62,0.0,9.0,10.0,2.0,0.5,False,RSI 84 overbought | no identified near-term catalyst,source:fixture,PAPER ONLY — never auto-traded. Candidate for a small paper position; verify live quotes & spread first.
69,MRVL,Marvell Technology,semiconductors,2026-12-21,86.4,180,near_the_money,15.82,16.24,16.03,0.0262,0.6375,6632,1688,0.6059,True,0.9997,7.05,0.8,high,7.62,0.0,9.0,10.0,2.0,0.5,False,RSI 84 overbought | no identified near-term catalyst,source:fixture,PAPER ONLY — never auto-traded. Candidate for a small paper position; verify live quotes & spread first.
70,MRVL,Marvell Technology,semiconductors,2026-12-21,95.1,180,slightly_otm,12.57,13.18,12.875,0.0474,0.6437,2211,1714,0.5232,True,1.1003,7.05,0.8,high,7.62,0.0,9.0,10.0,2.0,0.5,False,RSI 84 overbought | no identified near-term catalyst,source:fixture,PAPER ONLY — never auto-traded. Candidate for a small paper position; verify live quotes & spread first.
71,MRVL,Marvell Technology,semiconductors,2026-12-21,103.7,180,longer_dated_otm,12.4,13.11,12.755,0.0557,0.7477,5016,1825,0.4813,True,1.1998,7.05,0.8,high,7.62,0.0,9.0,10.0,2.0,0.5,False,RSI 84 overbought | no identified near-term catalyst,source:fixture,PAPER ONLY — never auto-traded. Candidate for a small paper position; verify live quotes & spread first.
72,VRT,Vertiv Holdings,data_centers,2026-09-22,76.3,90,near_the_money,11.81,12.52,12.165,0.0584,0.787,4536,1600,0.5878,False,0.9995,7.02,1.0,high,7.93,2.53,9.0,10.0,4.0,0,False,RSI 88 overbought,source:fixture,PAPER ONLY — never auto-traded. Candidate for a small paper position; verify live quotes & spread first.
73,VRT,Vertiv Holdings,data_centers,2026-09-22,80.2,90,slightly_otm,9.87,10.22,10.045,0.0348,0.7508,497,1821,0.5321,True,1.0506,7.02,1.0,high,7.93,2.53,9.0,10.0,4.0,0,False,RSI 88 overbought,source:fixture,PAPER ONLY — never auto-traded. Candidate for a small paper position; verify live quotes & spread first.
74,VRT,Vertiv Holdings,data_centers,2026-09-22,84.0,90,slightly_otm,7.4,7.91,7.655,0.0666,0.6827,5128,179,0.4667,True,1.1003,7.02,1.0,high,7.93,2.53,9.0,10.0,4.0,0,False,RSI 88 overbought,source:fixture,PAPER ONLY — never auto-traded. Candidate for a small paper position; verify live quotes & spread first.
75,VRT,Vertiv Holdings,data_centers,2026-09-22,91.6,90,longer_dated_otm,5.52,5.75,5.635,0.0408,0.6945,1965,1768,0.3717,True,1.1999,7.02,1.0,high,7.93,2.53,9.0,10.0,4.0,0,False,RSI 88 overbought,source:fixture,PAPER ONLY — never auto-traded. Candidate for a small paper position; verify live quotes & spread first.
76,VRT,Vertiv Holdings,data_centers,2026-11-06,76.3,135,near_the_money,12.9,13.3,13.1,0.0305,0.6854,1525,625,0.5968,True,0.9995,7.02,1.0,high,7.93,2.53,9.0,10.0,4.0,0,False,RSI 88 overbought,source:fixture,PAPER ONLY — never auto-traded. Candidate for a small paper position; verify live quotes & spread first.
77,VRT,Vertiv Holdings,data_centers,2026-11-06,84.0,135,slightly_otm,10.29,10.53,10.41,0.0231,0.6989,3066,410,0.5089,True,1.1003,7.02,1.0,high,7.93,2.53,9.0,10.0,4.0,0,False,RSI 88 overbought,source:fixture,PAPER ONLY — never auto-traded. Candidate for a small paper position; verify live quotes & spread first.
78,VRT,Vertiv Holdings,data_centers,2026-11-06,91.6,135,longer_dated_otm,9.22,9.68,9.45,0.0487,0.7717,4399,1520,0.4514,True,1.1999,7.02,1.0,high,7.93,2.53,9.0,10.0,4.0,0,False,RSI 88 overbought,source:fixture,PAPER ONLY — never auto-traded. Candidate for a small paper position; verify live quotes & spread first.
79,VRT,Vertiv Holdings,data_centers,2026-12-21,76.3,180,near_the_money,16.89,18.15,17.52,0.0719,0.8011,721,1885,0.6245,True,0.9995,7.02,1.0,high,7.93,2.53,9.0,10.0,4.0,0,False,RSI 88 overbought,source:fixture,PAPER ONLY — never auto-traded. Candidate for a small paper position; verify live quotes & spread first.
80,VRT,Vertiv Holdings,data_centers,2026-12-21,84.0,180,slightly_otm,12.96,13.62,13.29,0.0497,0.7337,3733,1528,0.5439,True,1.1003,7.02,1.0,high,7.93,2.53,9.0,10.0,4.0,0,False,RSI 88 overbought,source:fixture,PAPER ONLY — never auto-traded. Candidate for a small paper position; verify live quotes & spread first.
81,VRT,Vertiv Holdings,data_centers,2026-12-21,91.6,180,longer_dated_otm,11.95,12.65,12.3,0.0569,0.796,847,188,0.4955,True,1.1999,7.02,1.0,high,7.93,2.53,9.0,10.0,4.0,0,False,RSI 88 overbought,source:fixture,PAPER ONLY — never auto-traded. Candidate for a small paper position; verify live quotes & spread first.
82,ASML,ASML Holding,semiconductor_equipment,2026-08-08,287.0,45,near_the_money,33.32,35.3,34.31,0.0577,0.8408,7723,1317,0.5653,True,1.0,6.99,0.8,high,8.39,0.0,9.0,8.5,2.0,0.5,False,RSI 88 overbought | no identified near-term catalyst | 45 DTE outside preferred 60-180,source:fixture,PAPER ONLY — never auto-traded. Candidate for a small paper position; verify live quotes & spread first.
83,ANET,Arista Networks,networking,2026-08-08,172.0,45,near_the_money,13.33,14.07,13.7,0.054,0.5528,1985,1614,0.5489,True,0.9999,6.96,1.0,high,7.72,2.56,9.0,10.0,4.0,0,False,RSI 81 overbought | 45 DTE outside preferred 60-180,source:fixture,PAPER ONLY — never auto-traded. Candidate for a small paper position; verify live quotes & spread first.
84,ANET,Arista Networks,networking,2026-09-22,172.0,90,near_the_money,19.36,20.63,19.995,0.0635,0.5661,4986,1068,0.5698,False,0.9999,6.96,1.0,high,7.72,2.56,9.0,10.0,4.0,0,False,RSI 81 overbought,source:fixture,PAPER ONLY — never auto-traded. Candidate for a small paper position; verify live quotes & spread first.
85,ANET,Arista Networks,networking,2026-09-22,180.6,90,slightly_otm,15.88,16.66,16.27,0.0479,0.5627,5896,366,0.5002,True,1.0499,6.96,1.0,high,7.72,2.56,9.0,10.0,4.0,0,False,RSI 81 overbought,source:fixture,PAPER ONLY — never auto-traded. Candidate for a small paper position; verify live quotes & spread first.
86,ANET,Arista Networks,networking,2026-09-22,189.2,90,slightly_otm,14.88,15.79,15.335,0.0593,0.6256,3063,1480,0.4524,True,1.0999,6.96,1.0,high,7.72,2.56,9.0,10.0,4.0,0,False,RSI 81 overbought,source:fixture,PAPER ONLY — never auto-traded. Candidate for a small paper position; verify live quotes & spread first.
87,ANET,Arista Networks,networking,2026-09-22,206.4,90,longer_dated_otm,9.87,10.3,10.085,0.0426,0.6124,6676,1676,0.3391,True,1.1999,6.96,1.0,high,7.72,2.56,9.0,10.0,4.0,0,False,RSI 81 overbought,source:fixture,PAPER ONLY — never auto-traded. Candidate for a small paper position; verify live quotes & spread first.
88,ANET,Arista Networks,networking,2026-11-06,172.0,135,near_the_money,21.92,23.63,22.775,0.0751,0.5207,915,1463,0.5813,True,0.9999,6.96,1.0,high,7.72,2.56,9.0,10.0,4.0,0,False,RSI 81 overbought,source:fixture,PAPER ONLY — never auto-traded. Candidate for a small paper position; verify live quotes & spread first.
89,ANET,Arista Networks,networking,2026-11-06,180.6,135,slightly_otm,23.36,23.97,23.665,0.0258,0.6287,6683,976,0.5408,True,1.0499,6.96,1.0,high,7.72,2.56,9.0,10.0,4.0,0,False,RSI 81 overbought,source:fixture,PAPER ONLY — never auto-traded. Candidate for a small paper position; verify live quotes & spread first.
90,ANET,Arista Networks,networking,2026-11-06,189.2,135,slightly_otm,18.27,19.44,18.855,0.0621,0.5879,7449,958,0.4816,True,1.0999,6.96,1.0,high,7.72,2.56,9.0,10.0,4.0,0,False,RSI 81 overbought,source:fixture,PAPER ONLY — never auto-traded. Candidate for a small paper position; verify live quotes & spread first.
91,ANET,Arista Networks,networking,2026-11-06,206.4,135,longer_dated_otm,14.72,15.28,15.0,0.0373,0.6182,605,1555,0.3984,True,1.1999,6.96,1.0,high,7.72,2.56,9.0,10.0,4.0,0,False,RSI 81 overbought,source:fixture,PAPER ONLY — never auto-traded. Candidate for a small paper position; verify live quotes & spread first.
92,ANET,Arista Networks,networking,2026-12-21,172.0,180,near_the_money,29.3,31.5,30.4,0.0724,0.6057,1819,209,0.6023,True,0.9999,6.96,1.0,high,7.72,2.56,9.0,10.0,4.0,0,False,RSI 81 overbought,source:fixture,PAPER ONLY — never auto-traded. Candidate for a small paper position; verify live quotes & spread first.
93,ANET,Arista Networks,networking,2026-12-21,189.2,180,slightly_otm,21.81,22.26,22.035,0.0204,0.5685,2369,563,0.5042,True,1.0999,6.96,1.0,high,7.72,2.56,9.0,10.0,4.0,0,False,RSI 81 overbought,source:fixture,PAPER ONLY — never auto-traded. Candidate for a small paper position; verify live quotes & spread first.
94,ANET,Arista Networks,networking,2026-12-21,206.4,180,longer_dated_otm,18.37,18.92,18.645,0.0295,0.6071,7044,1327,0.4333,True,1.1999,6.96,1.0,high,7.72,2.56,9.0,10.0,4.0,0,False,RSI 81 overbought,source:fixture,PAPER ONLY — never auto-traded. Candidate for a small paper position; verify live quotes & spread first.
95,MRVL,Marvell Technology,semiconductors,2026-08-08,90.8,45,slightly_otm,7.11,7.41,7.26,0.0413,0.7363,6304,1417,0.4831,True,1.0506,6.94,0.8,high,7.62,0.0,9.0,9.5,2.0,0.5,False,RSI 84 overbought | no identified near-term catalyst | 45 DTE outside preferred 60-180,source:fixture,PAPER ONLY — never auto-traded. Candidate for a small paper position; verify live quotes & spread first.
96,MRVL,Marvell Technology,semiconductors,2026-08-08,95.1,45,slightly_otm,4.63,4.81,4.72,0.0381,0.6464,5446,683,0.3875,True,1.1003,6.94,0.8,high,7.62,0.0,9.0,9.5,2.0,0.5,False,RSI 84 overbought | no identified near-term catalyst | 45 DTE outside preferred 60-180,source:fixture,PAPER ONLY — never auto-traded. Candidate for a small paper position; verify live quotes & spread first.
97,MRVL,Marvell Technology,semiconductors,2026-11-06,90.8,135,slightly_otm,13.97,14.43,14.2,0.0324,0.7407,5743,493,0.5591,True,1.0506,6.94,0.8,high,7.62,0.0,9.0,9.5,2.0,0.5,False,RSI 84 overbought | no identified near-term catalyst,source:fixture,PAPER ONLY — never auto-traded. Candidate for a small paper position; verify live quotes & spread first.
98,MRVL,Marvell Technology,semiconductors,2026-12-21,90.8,180,slightly_otm,15.26,16.06,15.66,0.0511,0.6956,1708,2012,0.5729,True,1.0506,6.94,0.8,high,7.62,0.0,9.0,9.5,2.0,0.5,False,RSI 84 overbought | no identified near-term catalyst,source:fixture,PAPER ONLY — never auto-traded. Candidate for a small paper position; verify live quotes & spread first.
99,VRT,Vertiv Holdings,data_centers,2026-08-08,80.2,45,slightly_otm,6.33,6.47,6.4,0.0219,0.7352,3946,2195,0.4829,True,1.0506,6.93,1.0,high,7.93,2.53,9.0,9.5,4.0,0,False,RSI 88 overbought | 45 DTE outside preferred 60-180,source:fixture,PAPER ONLY — never auto-traded. Candidate for a small paper position; verify live quotes & spread first.
100,VRT,Vertiv Holdings,data_centers,2026-08-08,84.0,45,slightly_otm,4.73,5.08,4.905,0.0714,0.7181,4090,2105,0.4076,True,1.1003,6.93,1.0,high,7.93,2.53,9.0,9.5,4.0,0,False,RSI 88 overbought | 45 DTE outside preferred 60-180,source:fixture,PAPER ONLY — never auto-traded. Candidate for a small paper position; verify live quotes & spread first.
101,VRT,Vertiv Holdings,data_centers,2026-11-06,80.2,135,slightly_otm,12.46,13.33,12.895,0.0675,0.76,537,64,0.5621,True,1.0506,6.93,1.0,high,7.93,2.53,9.0,9.5,4.0,0,False,RSI 88 overbought,source:fixture,PAPER ONLY — never auto-traded. Candidate for a small paper position; verify live quotes & spread first.
102,VRT,Vertiv Holdings,data_centers,2026-12-21,80.2,180,slightly_otm,14.59,14.94,14.765,0.0237,0.7399,4392,2224,0.5804,True,1.0506,6.93,1.0,high,7.93,2.53,9.0,9.5,4.0,0,False,RSI 88 overbought,source:fixture,PAPER ONLY — never auto-traded. Candidate for a small paper position; verify live quotes & spread first.
103,TSM,Taiwan Semiconductor Mfg,semiconductors,2026-08-08,152.1,45,near_the_money,7.41,8.0,7.705,0.0766,0.3456,3186,683,0.5397,True,1.0002,6.89,0.8,high,8.81,0.0,9.5,10.0,2.0,1.2,False,13F: smart money exit (score -3.8) | no identified near-term catalyst | 45 DTE outside preferred 60-180,source:fixture,PAPER ONLY — never auto-traded. Watch only; wait for better entry / catalyst / IV.
104,TSM,Taiwan Semiconductor Mfg,semiconductors,2026-09-22,152.1,90,near_the_money,10.53,11.02,10.775,0.0455,0.3348,8332,1216,0.5562,False,1.0002,6.89,0.8,high,8.81,0.0,9.5,10.0,2.0,1.2,False,13F: smart money exit (score -3.8) | no identified near-term catalyst,source:fixture,PAPER ONLY — never auto-traded. Watch only; wait for better entry / catalyst / IV.
105,TSM,Taiwan Semiconductor Mfg,semiconductors,2026-09-22,159.7,90,slightly_otm,8.67,9.23,8.95,0.0626,0.3824,10080,1421,0.4558,True,1.0502,6.89,0.8,high,8.81,0.0,9.5,10.0,2.0,1.2,False,13F: smart money exit (score -3.8) | no identified near-term catalyst,source:fixture,PAPER ONLY — never auto-traded. Watch only; wait for better entry / catalyst / IV.
106,TSM,Taiwan Semiconductor Mfg,semiconductors,2026-09-22,167.3,90,slightly_otm,4.75,5.02,4.885,0.0553,0.3272,3111,2354,0.328,True,1.1002,6.89,0.8,high,8.81,0.0,9.5,10.0,2.0,1.2,False,13F: smart money exit (score -3.8) | no identified near-term catalyst,source:fixture,PAPER ONLY — never auto-traded. Watch only; wait for better entry / catalyst / IV.
107,TSM,Taiwan Semiconductor Mfg,semiconductors,2026-11-06,152.1,135,near_the_money,12.52,13.3,12.91,0.0604,0.3221,2242,1580,0.5685,True,1.0002,6.89,0.8,high,8.81,0.0,9.5,10.0,2.0,1.2,False,13F: smart money exit (score -3.8) | no identified near-term catalyst,source:fixture,PAPER ONLY — never auto-traded. Watch only; wait for better entry / catalyst / IV.
108,TSM,Taiwan Semiconductor Mfg,semiconductors,2026-11-06,159.7,135,slightly_otm,9.83,10.18,10.005,0.035,0.3327,1510,2257,0.473,True,1.0502,6.89,0.8,high,8.81,0.0,9.5,10.0,2.0,1.2,False,13F: smart money exit (score -3.8) | no identified near-term catalyst,source:fixture,PAPER ONLY — never auto-traded. Watch only; wait for better entry / catalyst / IV.
109,TSM,Taiwan Semiconductor Mfg,semiconductors,2026-11-06,167.3,135,slightly_otm,8.03,8.49,8.26,0.0557,0.3575,6143,1037,0.3966,True,1.1002,6.89,0.8,high,8.81,0.0,9.5,10.0,2.0,1.2,False,13F: smart money exit (score -3.8) | no identified near-term catalyst,source:fixture,PAPER ONLY — never auto-traded. Watch only; wait for better entry / catalyst / IV.
110,TSM,Taiwan Semiconductor Mfg,semiconductors,2026-12-21,152.1,180,near_the_money,15.38,16.13,15.755,0.0476,0.3383,8004,223,0.5796,True,1.0002,6.89,0.8,high,8.81,0.0,9.5,10.0,2.0,1.2,False,13F: smart money exit (score -3.8) | no identified near-term catalyst,source:fixture,PAPER ONLY — never auto-traded. Watch only; wait for better entry / catalyst / IV.
111,TSM,Taiwan Semiconductor Mfg,semiconductors,2026-12-21,159.7,180,slightly_otm,14.21,14.68,14.445,0.0325,0.3852,10086,216,0.5108,True,1.0502,6.89,0.8,high,8.81,0.0,9.5,10.0,2.0,1.2,False,13F: smart money exit (score -3.8) | no identified near-term catalyst,source:fixture,PAPER ONLY — never auto-traded. Watch only; wait for better entry / catalyst / IV.
112,TSM,Taiwan Semiconductor Mfg,semiconductors,2026-12-21,167.3,180,slightly_otm,9.22,9.91,9.565,0.0721,0.3348,9092,2144,0.419,True,1.1002,6.89,0.8,high,8.81,0.0,9.5,10.0,2.0,1.2,False,13F: smart money exit (score -3.8) | no identified near-term catalyst,source:fixture,PAPER ONLY — never auto-traded. Watch only; wait for better entry / catalyst / IV.
113,ANET,Arista Networks,networking,2026-08-08,180.6,45,slightly_otm,9.53,10.17,9.85,0.065,0.5429,6929,124,0.4465,True,1.0499,6.87,1.0,high,7.72,2.56,9.0,9.5,4.0,0,False,RSI 81 overbought | 45 DTE outside preferred 60-180,source:fixture,PAPER ONLY — never auto-traded. Candidate for a small paper position; verify live quotes & spread first.
114,ANET,Arista Networks,networking,2026-08-08,189.2,45,slightly_otm,8.0,8.5,8.25,0.0606,0.5959,6947,837,0.3718,True,1.0999,6.87,1.0,high,7.72,2.56,9.0,9.5,4.0,0,False,RSI 81 overbought | 45 DTE outside preferred 60-180,source:fixture,PAPER ONLY — never auto-traded. Candidate for a small paper position; verify live quotes & spread first.
115,ANET,Arista Networks,networking,2026-12-21,180.6,180,slightly_otm,25.63,26.38,26.005,0.0288,0.5863,2355,2022,0.5539,True,1.0499,6.87,1.0,high,7.72,2.56,9.0,9.5,4.0,0,False,RSI 81 overbought,source:fixture,PAPER ONLY — never auto-traded. Candidate for a small paper position; verify live quotes & spread first.
116,VST,Vistra Corp,power_grid_electrification,2026-08-08,205.1,45,near_the_money,10.85,11.1,10.975,0.0228,0.3652,8167,101,0.541,True,1.0,6.86,1.0,high,8.11,0.78,9.5,10.0,4.0,0,False,45 DTE outside preferred 60-180,source:fixture,PAPER ONLY — never auto-traded. Candidate for a small paper position; verify live quotes & spread first.
117,VST,Vistra Corp,power_grid_electrification,2026-09-22,205.1,90,near_the_money,14.99,15.86,15.425,0.0564,0.3564,4928,527,0.5574,False,1.0,6.86,1.0,high,8.11,0.78,9.5,10.0,4.0,0,False,,source:fixture,PAPER ONLY — never auto-traded. Candidate for a small paper position; verify live quotes & spread first.
118,VST,Vistra Corp,power_grid_electrification,2026-09-22,215.4,90,slightly_otm,10.28,11.04,10.66,0.0713,0.3474,6877,1742,0.4442,True,1.0502,6.86,1.0,high,8.11,0.78,9.5,10.0,4.0,0,False,,source:fixture,PAPER ONLY — never auto-traded. Candidate for a small paper position; verify live quotes & spread first.
119,VST,Vistra Corp,power_grid_electrification,2026-09-22,225.6,90,slightly_otm,8.88,9.37,9.125,0.0537,0.3943,1449,859,0.3677,True,1.0999,6.86,1.0,high,8.11,0.78,9.5,10.0,4.0,0,False,,source:fixture,PAPER ONLY — never auto-traded. Candidate for a small paper position; verify live quotes & spread first.
120,VST,Vistra Corp,power_grid_electrification,2026-11-06,205.1,135,near_the_money,18.1,18.83,18.465,0.0395,0.3429,8548,419,0.5696,True,1.0,6.86,1.0,high,8.11,0.78,9.5,10.0,4.0,0,False,,source:fixture,PAPER ONLY — never auto-traded. Candidate for a small paper position; verify live quotes & spread first.
121,VST,Vistra Corp,power_grid_electrification,2026-11-06,215.4,135,slightly_otm,14.77,15.53,15.15,0.0502,0.3661,3171,1810,0.4832,True,1.0502,6.86,1.0,high,8.11,0.78,9.5,10.0,4.0,0,False,,source:fixture,PAPER ONLY — never auto-traded. Candidate for a small paper position; verify live quotes & spread first.
122,VST,Vistra Corp,power_grid_electrification,2026-11-06,225.6,135,slightly_otm,11.24,11.48,11.36,0.0211,0.3617,4676,720,0.3991,True,1.0999,6.86,1.0,high,8.11,0.78,9.5,10.0,4.0,0,False,,source:fixture,PAPER ONLY — never auto-traded. Candidate for a small paper position; verify live quotes & spread first.
123,VST,Vistra Corp,power_grid_electrification,2026-12-21,205.1,180,near_the_money,22.33,23.97,23.15,0.0708,0.3716,4798,1333,0.5817,True,1.0,6.86,1.0,high,8.11,0.78,9.5,10.0,4.0,0,False,,source:fixture,PAPER ONLY — never auto-traded. Candidate for a small paper position; verify live quotes & spread first.
124,VST,Vistra Corp,power_grid_electrification,2026-12-21,215.4,180,slightly_otm,17.21,18.38,17.795,0.0657,0.3558,8376,1727,0.5032,True,1.0502,6.86,1.0,high,8.11,0.78,9.5,10.0,4.0,0,False,,source:fixture,PAPER ONLY — never auto-traded. Candidate for a small paper position; verify live quotes & spread first.
125,VST,Vistra Corp,power_grid_electrification,2026-12-21,225.6,180,slightly_otm,13.63,14.06,13.845,0.0311,0.3512,3815,1306,0.4275,True,1.0999,6.86,1.0,high,8.11,0.78,9.5,10.0,4.0,0,False,,source:fixture,PAPER ONLY — never auto-traded. Candidate for a small paper position; verify live quotes & spread first.
126,VST,Vistra Corp,power_grid_electrification,2026-12-21,246.1,180,longer_dated_otm,8.73,9.33,9.03,0.0664,0.3644,868,1062,0.3061,True,1.1998,6.86,1.0,high,8.11,0.78,9.5,10.0,4.0,0,False,,source:fixture,PAPER ONLY — never auto-traded. Candidate for a small paper position; verify live quotes & spread first.
127,TSM,Taiwan Semiconductor Mfg,semiconductors,2026-08-08,159.7,45,slightly_otm,4.57,4.67,4.62,0.0216,0.347,8767,1408,0.3819,True,1.0502,6.78,0.8,high,8.81,0.0,9.5,9.5,2.0,1.2,False,13F: smart money exit (score -3.8) | no identified near-term catalyst | 45 DTE outside preferred 60-180,source:fixture,PAPER ONLY — never auto-traded. Watch only; wait for better entry / catalyst / IV.
128,TSM,Taiwan Semiconductor Mfg,semiconductors,2026-09-22,182.5,90,longer_dated_otm,2.44,2.57,2.505,0.0519,0.3538,6739,155,0.1856,True,1.2001,6.78,0.8,high,8.81,0.0,9.5,9.5,2.0,1.2,False,13F: smart money exit (score -3.8) | no identified near-term catalyst,source:fixture,PAPER ONLY — never auto-traded. Watch only; wait for better entry / catalyst / IV.
129,TSM,Taiwan Semiconductor Mfg,semiconductors,2026-11-06,182.5,135,longer_dated_otm,4.25,4.52,4.385,0.0616,0.3525,8347,478,0.2499,True,1.2001,6.78,0.8,high,8.81,0.0,9.5,9.5,2.0,1.2,False,13F: smart money exit (score -3.8) | no identified near-term catalyst,source:fixture,PAPER ONLY — never auto-traded. Watch only; wait for better entry / catalyst / IV.
130,TSM,Taiwan Semiconductor Mfg,semiconductors,2026-12-21,182.5,180,longer_dated_otm,5.67,6.04,5.855,0.0632,0.342,1655,1862,0.2887,True,1.2001,6.78,0.8,high,8.81,0.0,9.5,9.5,2.0,1.2,False,13F: smart money exit (score -3.8) | no identified near-term catalyst,source:fixture,PAPER ONLY — never auto-traded. Watch only; wait for better entry / catalyst / IV.
131,VST,Vistra Corp,power_grid_electrification,2026-08-08,215.4,45,slightly_otm,6.66,7.11,6.885,0.0654,0.3707,5583,1549,0.3924,True,1.0502,6.77,1.0,high,8.11,0.78,9.5,9.5,4.0,0,False,45 DTE outside preferred 60-180,source:fixture,PAPER ONLY — never auto-traded. Candidate for a small paper position; verify live quotes & spread first.
132,VST,Vistra Corp,power_grid_electrification,2026-09-22,246.1,90,longer_dated_otm,3.17,3.28,3.225,0.0341,0.3479,4027,576,0.1811,True,1.1998,6.77,1.0,high,8.11,0.78,9.5,9.5,4.0,0,False,,source:fixture,PAPER ONLY — never auto-traded. Candidate for a small paper position; verify live quotes & spread first.
133,VST,Vistra Corp,power_grid_electrification,2026-11-06,246.1,135,longer_dated_otm,7.42,7.67,7.545,0.0331,0.3921,4340,2010,0.28,True,1.1998,6.77,1.0,high,8.11,0.78,9.5,9.5,4.0,0,False,,source:fixture,PAPER ONLY — never auto-traded. Candidate for a small paper position; verify live quotes & spread first.
134,CEG,Constellation Energy,power_grid_electrification,2026-09-22,112.7,90,near_the_money,18.45,19.74,19.095,0.0676,0.8396,9560,1436,0.592,False,0.9997,6.76,1.0,high,8.37,3.77,9.0,10.0,4.0,0.6,False,RSI 88 overbought | drawdown -36% without stabilization,source:fixture,PAPER ONLY — never auto-traded. Candidate for a small paper position; verify live quotes & spread first.
135,CEG,Constellation Energy,power_grid_electrification,2026-09-22,118.4,90,slightly_otm,16.59,17.41,17.0,0.0482,0.8478,6547,92,0.5467,True,1.0503,6.76,1.0,high,8.37,3.77,9.0,10.0,4.0,0.6,False,RSI 88 overbought | drawdown -36% without stabilization,source:fixture,PAPER ONLY — never auto-traded. Candidate for a small paper position; verify live quotes & spread first.
136,CEG,Constellation Energy,power_grid_electrification,2026-09-22,124.0,90,slightly_otm,15.43,16.3,15.865,0.0548,0.8863,7111,1753,0.5104,True,1.1,6.76,1.0,high,8.37,3.77,9.0,10.0,4.0,0.6,False,RSI 88 overbought | drawdown -36% without stabilization,source:fixture,PAPER ONLY — never auto-traded. Candidate for a small paper position; verify live quotes & spread first.
137,CEG,Constellation Energy,power_grid_electrification,2026-09-22,135.3,90,longer_dated_otm,11.27,11.94,11.605,0.0577,0.8472,4928,374,0.4207,True,1.2002,6.76,1.0,high,8.37,3.77,9.0,10.0,4.0,0.6,False,RSI 88 overbought | drawdown -36% without stabilization,source:fixture,PAPER ONLY — never auto-traded. Candidate for a small paper position; verify live quotes & spread first.
138,CEG,Constellation Energy,power_grid_electrification,2026-11-06,112.7,135,near_the_money,20.49,20.92,20.705,0.0208,0.7374,9261,296,0.6017,True,0.9997,6.76,1.0,high,8.37,3.77,9.0,10.0,4.0,0.6,False,RSI 88 overbought | drawdown -36% without stabilization,source:fixture,PAPER ONLY — never auto-traded. Candidate for a small paper position; verify live quotes & spread first.
139,CEG,Constellation Energy,power_grid_electrification,2026-11-06,124.0,135,slightly_otm,19.04,20.3,19.67,0.0641,0.8557,8308,1967,0.542,True,1.1,6.76,1.0,high,8.37,3.77,9.0,10.0,4.0,0.6,False,RSI 88 overbought | drawdown -36% without stabilization,source:fixture,PAPER ONLY — never auto-traded. Candidate for a small paper position; verify live quotes & spread first.
140,CEG,Constellation Energy,power_grid_electrification,2026-11-06,135.3,135,longer_dated_otm,12.88,13.4,13.14,0.0396,0.7422,1376,449,0.442,True,1.2002,6.76,1.0,high,8.37,3.77,9.0,10.0,4.0,0.6,False,RSI 88 overbought | drawdown -36% without stabilization,source:fixture,PAPER ONLY — never auto-traded. Candidate for a small paper position; verify live quotes & spread first.
141,CEG,Constellation Energy,power_grid_electrification,2026-12-21,112.7,180,near_the_money,27.21,29.07,28.14,0.0661,0.8775,3551,884,0.6333,True,0.9997,6.76,1.0,high,8.37,3.77,9.0,10.0,4.0,0.6,False,RSI 88 overbought | drawdown -36% without stabilization,source:fixture,PAPER ONLY — never auto-traded. Candidate for a small paper position; verify live quotes & spread first.
142,CEG,Constellation Energy,power_grid_electrification,2026-12-21,135.3,180,longer_dated_otm,20.69,21.37,21.03,0.0323,0.8872,2648,615,0.52,True,1.2002,6.76,1.0,high,8.37,3.77,9.0,10.0,4.0,0.6,False,RSI 88 overbought | drawdown -36% without stabilization,source:fixture,PAPER ONLY — never auto-traded. Candidate for a small paper position; verify live quotes & spread first.
143,VRT,Vertiv Holdings,data_centers,2026-08-08,76.3,45,near_the_money,8.31,8.52,8.415,0.025,0.7718,1752,1013,0.5618,True,0.9995,6.75,1.0,high,7.93,2.53,9.0,8.5,4.0,0,False,RSI 88 overbought | 45 DTE outside preferred 60-180,source:fixture,PAPER ONLY — never auto-traded. Candidate for a small paper position; verify live quotes & spread first.
144,MU,Micron Technology,memory,2026-08-08,79.6,45,slightly_otm,1.31,1.35,1.33,0.0301,0.3612,5729,1981,0.2569,True,1.1005,6.73,0.8,high,7.55,0.0,9.0,8.0,4.0,0.7,True,RSI 84 overbought | 13F: smart money reduce (score -0.2) | 45 DTE outside preferred 60-180,source:fixture,PAPER ONLY — never auto-traded. Event/IV trade — paper-test around earnings; expect IV crush risk.
145,CEG,Constellation Energy,power_grid_electrification,2026-08-08,118.4,45,slightly_otm,10.36,10.78,10.57,0.0397,0.8051,5806,1223,0.4941,True,1.0503,6.67,1.0,high,8.37,3.77,9.0,9.5,4.0,0.6,False,RSI 88 overbought | drawdown -36% without stabilization | 45 DTE outside preferred 60-180,source:fixture,PAPER ONLY — never auto-traded. Candidate for a small paper position; verify live quotes & spread first.
146,CEG,Constellation Energy,power_grid_electrification,2026-08-08,124.0,45,slightly_otm,8.7,9.28,8.99,0.0645,0.8299,1713,2229,0.4347,True,1.1,6.67,1.0,high,8.37,3.77,9.0,9.5,4.0,0.6,False,RSI 88 overbought | drawdown -36% without stabilization | 45 DTE outside preferred 60-180,source:fixture,PAPER ONLY — never auto-traded. Candidate for a small paper position; verify live quotes & spread first.
147,CEG,Constellation Energy,power_grid_electrification,2026-08-08,135.3,45,longer_dated_otm,5.09,5.37,5.23,0.0535,0.78,2957,1713,0.3045,True,1.2002,6.67,1.0,high,8.37,3.77,9.0,9.5,4.0,0.6,False,RSI 88 overbought | drawdown -36% without stabilization | 45 DTE outside preferred 60-180 | aggressive OTM strike on short tenor,source:fixture,PAPER ONLY — never auto-traded. Candidate for a small paper position; verify live quotes & spread first.
148,CEG,Constellation Energy,power_grid_electrification,2026-11-06,118.4,135,slightly_otm,19.22,20.09,19.655,0.0443,0.7823,1684,1628,0.5659,True,1.0503,6.67,1.0,high,8.37,3.77,9.0,9.5,4.0,0.6,False,RSI 88 overbought | drawdown -36% without stabilization,source:fixture,PAPER ONLY — never auto-traded. Candidate for a small paper position; verify live quotes & spread first.
149,CEG,Constellation Energy,power_grid_electrification,2026-12-21,118.4,180,slightly_otm,24.4,25.82,25.11,0.0566,0.8471,6142,1634,0.598,True,1.0503,6.67,1.0,high,8.37,3.77,9.0,9.5,4.0,0.6,False,RSI 88 overbought | drawdown -36% without stabilization,source:fixture,PAPER ONLY — never auto-traded. Candidate for a small paper position; verify live quotes & spread first.
150,CEG,Constellation Energy,power_grid_electrification,2026-12-21,124.0,180,slightly_otm,20.21,20.9,20.555,0.0336,0.7629,2444,1268,0.5505,True,1.1,6.67,1.0,high,8.37,3.77,9.0,9.5,4.0,0.6,False,RSI 88 overbought | drawdown -36% without stabilization,source:fixture,PAPER ONLY — never auto-traded. Candidate for a small paper position; verify live quotes & spread first.
151,VRT,Vertiv Holdings,data_centers,2026-08-08,91.6,45,longer_dated_otm,2.52,2.73,2.625,0.08,0.6789,5651,1117,0.2661,True,1.1999,6.66,1.0,high,7.93,2.53,9.0,8.0,4.0,0,False,RSI 88 overbought | 45 DTE outside preferred 60-180 | aggressive OTM strike on short tenor,source:fixture,PAPER ONLY — never auto-traded. Candidate for a small paper position; verify live quotes & spread first.
152,MRVL,Marvell Technology,semiconductors,2026-08-08,103.7,45,longer_dated_otm,3.67,3.82,3.745,0.0401,0.7541,5389,572,0.2956,True,1.1998,6.61,0.8,high,7.62,0.0,9.0,8.0,2.0,0.5,False,RSI 84 overbought | no identified near-term catalyst | 45 DTE outside preferred 60-180 | aggressive OTM strike on short tenor,source:fixture,PAPER ONLY — never auto-traded. Candidate for a small paper position; verify live quotes & spread first.
153,ANET,Arista Networks,networking,2026-08-08,206.4,45,longer_dated_otm,4.52,4.62,4.57,0.0219,0.6089,7643,977,0.235,True,1.1999,6.6,1.0,high,7.72,2.56,9.0,8.0,4.0,0,False,RSI 81 overbought | 45 DTE outside preferred 60-180 | aggressive OTM strike on short tenor,source:fixture,PAPER ONLY — never auto-traded. Candidate for a small paper position; verify live quotes & spread first.
154,MRVL,Marvell Technology,semiconductors,2026-08-08,86.4,45,near_the_money,8.84,9.32,9.08,0.0529,0.7349,305,2023,0.5594,True,0.9997,6.5,0.8,high,7.62,0.0,9.0,7.5,2.0,0.5,False,RSI 84 overbought | no identified near-term catalyst | 45 DTE outside preferred 60-180,source:fixture,PAPER ONLY — never auto-traded. Candidate for a small paper position; verify live quotes & spread first.
155,VST,Vistra Corp,power_grid_electrification,2026-08-08,225.6,45,slightly_otm,3.55,3.76,3.655,0.0575,0.3548,5906,1144,0.2538,True,1.0999,6.5,1.0,high,8.11,0.78,9.5,8.0,4.0,0,False,45 DTE outside preferred 60-180,source:fixture,PAPER ONLY — never auto-traded. Candidate for a small paper position; verify live quotes & spread first.
156,CEG,Constellation Energy,power_grid_electrification,2026-08-08,112.7,45,near_the_money,11.62,12.2,11.91,0.0487,0.7395,1616,833,0.5596,True,0.9997,6.49,1.0,high,8.37,3.77,9.0,8.5,4.0,0.6,False,RSI 88 overbought | drawdown -36% without stabilization | 45 DTE outside preferred 60-180,source:fixture,PAPER ONLY — never auto-traded. Candidate for a small paper position; verify live quotes & spread first.
157,TSM,Taiwan Semiconductor Mfg,semiconductors,2026-08-08,167.3,45,slightly_otm,3.11,3.36,3.235,0.0773,0.3853,8179,2355,0.2738,True,1.1002,6.45,0.8,high,8.81,0.0,9.5,8.0,2.0,1.2,False,13F: smart money exit (score -3.8) | no identified near-term catalyst | 45 DTE outside preferred 60-180,source:fixture,PAPER ONLY — never auto-traded. Watch only; wait for better entry / catalyst / IV.
158,PLTR,Palantir Technologies,ai_infrastructure_software,2026-09-22,208.2,90,near_the_money,27.9,28.98,28.44,0.038,0.6706,5844,677,0.5779,False,0.9999,5.92,1.0,high,5.5,2.95,5.5,10.0,6.0,0,False,3m momentum -12%,source:fixture,PAPER ONLY — never auto-traded. Watch only; wait for better entry / catalyst / IV.
159,PLTR,Palantir Technologies,ai_infrastructure_software,2026-09-22,218.6,90,slightly_otm,25.42,26.96,26.19,0.0588,0.7202,1149,1691,0.528,True,1.0499,5.92,1.0,high,5.5,2.95,5.5,10.0,6.0,0,False,3m momentum -12%,source:fixture,PAPER ONLY — never auto-traded. Watch only; wait for better entry / catalyst / IV.
160,PLTR,Palantir Technologies,ai_infrastructure_software,2026-09-22,229.0,90,slightly_otm,21.36,22.11,21.735,0.0345,0.7025,1466,1877,0.4721,True,1.0998,5.92,1.0,high,5.5,2.95,5.5,10.0,6.0,0,False,3m momentum -12%,source:fixture,PAPER ONLY — never auto-traded. Watch only; wait for better entry / catalyst / IV.
161,PLTR,Palantir Technologies,ai_infrastructure_software,2026-09-22,249.9,90,longer_dated_otm,12.57,13.58,13.075,0.0772,0.6355,1316,989,0.3486,True,1.2002,5.92,1.0,high,5.5,2.95,5.5,10.0,6.0,0,False,3m momentum -12%,source:fixture,PAPER ONLY — never auto-traded. Watch only; wait for better entry / catalyst / IV.
162,PLTR,Palantir Technologies,ai_infrastructure_software,2026-11-06,208.2,135,near_the_money,34.36,35.47,34.915,0.0318,0.6698,508,1279,0.5949,True,0.9999,5.92,1.0,high,5.5,2.95,5.5,10.0,6.0,0,False,3m momentum -12%,source:fixture,PAPER ONLY — never auto-traded. Watch only; wait for better entry / catalyst / IV.
163,PLTR,Palantir Technologies,ai_infrastructure_software,2026-11-06,229.0,135,slightly_otm,28.75,29.51,29.13,0.0261,0.7125,6220,143,0.5125,True,1.0998,5.92,1.0,high,5.5,2.95,5.5,10.0,6.0,0,False,3m momentum -12%,source:fixture,PAPER ONLY — never auto-traded. Watch only; wait for better entry / catalyst / IV.
164,PLTR,Palantir Technologies,ai_infrastructure_software,2026-11-06,249.9,135,longer_dated_otm,23.03,24.15,23.59,0.0475,0.7284,1497,585,0.4376,True,1.2002,5.92,1.0,high,5.5,2.95,5.5,10.0,6.0,0,False,3m momentum -12%,source:fixture,PAPER ONLY — never auto-traded. Watch only; wait for better entry / catalyst / IV.
165,PLTR,Palantir Technologies,ai_infrastructure_software,2026-12-21,208.2,180,near_the_money,40.79,42.5,41.645,0.0411,0.6918,5161,1224,0.6117,True,0.9999,5.92,1.0,high,5.5,2.95,5.5,10.0,6.0,0,False,3m momentum -12%,source:fixture,PAPER ONLY — never auto-traded. Watch only; wait for better entry / catalyst / IV.
166,PLTR,Palantir Technologies,ai_infrastructure_software,2026-12-21,229.0,180,slightly_otm,31.1,31.98,31.54,0.0279,0.6519,4787,184,0.5256,True,1.0998,5.92,1.0,high,5.5,2.95,5.5,10.0,6.0,0,False,3m momentum -12%,source:fixture,PAPER ONLY — never auto-traded. Watch only; wait for better entry / catalyst / IV.
167,PLTR,Palantir Technologies,ai_infrastructure_software,2026-12-21,249.9,180,longer_dated_otm,23.03,24.5,23.765,0.0619,0.628,2298,339,0.441,True,1.2002,5.92,1.0,high,5.5,2.95,5.5,10.0,6.0,0,False,3m momentum -12%,source:fixture,PAPER ONLY — never auto-traded. Watch only; wait for better entry / catalyst / IV.
168,PLTR,Palantir Technologies,ai_infrastructure_software,2026-08-08,218.6,45,slightly_otm,16.59,17.28,16.935,0.0407,0.7151,4788,1007,0.4806,True,1.0499,5.83,1.0,high,5.5,2.95,5.5,9.5,6.0,0,False,3m momentum -12% | 45 DTE outside preferred 60-180,source:fixture,PAPER ONLY — never auto-traded. Watch only; wait for better entry / catalyst / IV.
169,PLTR,Palantir Technologies,ai_infrastructure_software,2026-08-08,229.0,45,slightly_otm,10.13,10.95,10.54,0.0778,0.6156,1025,808,0.3786,True,1.0998,5.83,1.0,high,5.5,2.95,5.5,9.5,6.0,0,False,3m momentum -12% | 45 DTE outside preferred 60-180,source:fixture,PAPER ONLY — never auto-traded. Watch only; wait for better entry / catalyst / IV.
170,PLTR,Palantir Technologies,ai_infrastructure_software,2026-11-06,218.6,135,slightly_otm,31.27,32.3,31.785,0.0324,0.6912,3253,1408,0.5516,True,1.0499,5.83,1.0,high,5.5,2.95,5.5,9.5,6.0,0,False,3m momentum -12%,source:fixture,PAPER ONLY — never auto-traded. Watch only; wait for better entry / catalyst / IV.
171,PLTR,Palantir Technologies,ai_infrastructure_software,2026-12-21,218.6,180,slightly_otm,38.23,40.69,39.46,0.0623,0.7249,5009,1622,0.5784,True,1.0499,5.83,1.0,high,5.5,2.95,5.5,9.5,6.0,0,False,3m momentum -12%,source:fixture,PAPER ONLY — never auto-traded. Watch only; wait for better entry / catalyst / IV.
172,MU,Micron Technology,memory,2026-08-08,86.8,45,longer_dated_otm,0.4,0.41,0.405,0.0247,0.3694,5123,987,0.0963,True,1.2001,5.71,0.8,high,7.55,0.0,9.0,7.0,4.0,1.5,True,RSI 84 overbought | 13F: smart money reduce (score -0.2) | 45 DTE outside preferred 60-180 | delta 0.10 (low-prob lottery) | aggressive OTM strike on short tenor,source:fixture,PAPER ONLY — never auto-traded. Event/IV trade — paper-test around earnings; expect IV crush risk.
173,PLTR,Palantir Technologies,ai_infrastructure_software,2026-08-08,208.2,45,near_the_money,20.09,20.99,20.54,0.0438,0.6896,4873,936,0.5564,True,0.9999,5.65,1.0,high,5.5,2.95,5.5,8.5,6.0,0,False,3m momentum -12% | 45 DTE outside preferred 60-180,source:fixture,PAPER ONLY — never auto-traded. Watch only; wait for better entry / catalyst / IV.
174,PLTR,Palantir Technologies,ai_infrastructure_software,2026-08-08,249.9,45,longer_dated_otm,5.84,6.07,5.955,0.0386,0.6278,6594,267,0.2435,True,1.2002,5.56,1.0,high,5.5,2.95,5.5,8.0,6.0,0,False,3m momentum -12% | 45 DTE outside preferred 60-180 | aggressive OTM strike on short tenor,source:fixture,PAPER ONLY — never auto-traded. Watch only; wait for better entry / catalyst / IV.
175,VST,Vistra Corp,power_grid_electrification,2026-08-08,246.1,45,longer_dated_otm,0.84,0.9,0.87,0.069,0.3458,7967,1018,0.0809,True,1.1998,5.52,1.0,high,8.11,0.78,9.5,7.0,4.0,0.8,False,45 DTE outside preferred 60-180 | delta 0.08 (low-prob lottery) | aggressive OTM strike on short tenor,source:fixture,PAPER ONLY — never auto-traded. Candidate for a small paper position; verify live quotes & spread first.
176,TSM,Taiwan Semiconductor Mfg,semiconductors,2026-08-08,182.5,45,longer_dated_otm,0.88,0.91,0.895,0.0335,0.3749,1729,1097,0.0998,True,1.2001,5.44,0.8,high,8.81,0.0,9.5,7.0,2.0,2.0,False,13F: smart money exit (score -3.8) | no identified near-term catalyst | 45 DTE outside preferred 60-180 | delta 0.10 (low-prob lottery) | aggressive OTM strike on short tenor,source:fixture,PAPER ONLY — never auto-traded. Watch only; wait for better entry / catalyst / IV.
